{
	"textures": {
		"1": "minecraft:block/black_concrete"
	},
	"elements": [
		{
			"from": [
				-4.594059405940593,
				12.990099009900991,
				0.15841584158415856
			],
			"to": [
				19.405940594059405,
				30.099009900990097,
				9.425742574257425
			],
			"rotation": {
				"angle": 0,
				"axis": "y",
				"origin": [
					8,
					8,
					8
				]
			},
			"faces": {
				"north": {
					"uv": [
						1.14286,
						0,
						14.51429,
						11.314287142857157
					],
					"texture": "#1"
				},
				"east": {
					"uv": [
						0,
						0,
						16,
						11.314285714285731
					],
					"rotation": 180,
					"texture": "#1"
				},
				"south": {
					"uv": [
						0,
						0,
						16,
						11.314285714285731
					],
					"rotation": 180,
					"texture": "#1"
				},
				"west": {
					"uv": [
						0,
						0,
						16,
						11.314285714285731
					],
					"rotation": 180,
					"texture": "#1"
				},
				"up": {
					"uv": [
						0,
						0,
						16,
						11.314285714285731
					],
					"rotation": 180,
					"texture": "#1"
				},
				"down": {
					"uv": [
						0,
						0,
						16,
						11.314285714285731
					],
					"rotation": 180,
					"texture": "#1"
				}
			}
		}
	],
	"display": {
		"head": {
			"rotation": [
				0,
				180,
				0
			]
		}
	}
}