{
	"textures": {
		"2": "minecraft:block/light_gray_concrete"
	},
	"elements": [
		{
			"from": [
				26.782608695652176,
				6.173913043478261,
				4.804347826086956
			],
			"to": [
				32,
				13.543478260869566,
				8.58695652173913
			],
			"rotation": {
				"angle": 45,
				"axis": "z",
				"origin": [
					8,
					8,
					8
				]
			},
			"faces": {
				"north": {
					"uv": [
						1,
						3,
						8,
						1
					],
					"rotation": 90,
					"texture": "#2"
				},
				"east": {
					"uv": [
						1,
						3,
						8,
						1
					],
					"rotation": 270,
					"texture": "#2"
				},
				"south": {
					"uv": [
						1,
						3,
						8,
						1
					],
					"rotation": 270,
					"texture": "#2"
				},
				"west": {
					"uv": [
						1,
						3,
						8,
						1
					],
					"rotation": 270,
					"texture": "#2"
				},
				"up": {
					"uv": [
						1,
						3,
						8,
						1
					],
					"rotation": 270,
					"texture": "#2"
				},
				"down": {
					"uv": [
						1,
						3,
						8,
						1
					],
					"rotation": 270,
					"texture": "#2"
				}
			}
		},
		{
			"from": [
				9.826086956521738,
				6.173913043478261,
				4.804347826086956
			],
			"to": [
				15.043478260869566,
				13.543478260869566,
				8.58695652173913
			],
			"rotation": {
				"angle": 45,
				"axis": "z",
				"origin": [
					8,
					8,
					8
				]
			},
			"faces": {
				"north": {
					"uv": [
						1,
						3,
						8,
						1
					],
					"rotation": 90,
					"texture": "#2"
				},
				"east": {
					"uv": [
						1,
						3,
						8,
						1
					],
					"rotation": 270,
					"texture": "#2"
				},
				"south": {
					"uv": [
						1,
						3,
						8,
						1
					],
					"rotation": 270,
					"texture": "#2"
				},
				"west": {
					"uv": [
						1,
						3,
						8,
						1
					],
					"rotation": 270,
					"texture": "#2"
				},
				"up": {
					"uv": [
						1,
						3,
						8,
						1
					],
					"rotation": 270,
					"texture": "#2"
				},
				"down": {
					"uv": [
						1,
						3,
						8,
						1
					],
					"rotation": 270,
					"texture": "#2"
				}
			}
		},
		{
			"from": [
				17.26086956521739,
				-1.195652173913043,
				4.804347826086956
			],
			"to": [
				24.630434782608695,
				6.173913043478261,
				8.58695652173913
			],
			"rotation": {
				"angle": 45,
				"axis": "z",
				"origin": [
					8,
					8,
					8
				]
			},
			"faces": {
				"north": {
					"uv": [
						1,
						3,
						8,
						1
					],
					"rotation": 90,
					"texture": "#2"
				},
				"east": {
					"uv": [
						1,
						3,
						8,
						1
					],
					"rotation": 270,
					"texture": "#2"
				},
				"south": {
					"uv": [
						1,
						3,
						8,
						1
					],
					"rotation": 270,
					"texture": "#2"
				},
				"west": {
					"uv": [
						1,
						3,
						8,
						1
					],
					"rotation": 270,
					"texture": "#2"
				},
				"up": {
					"uv": [
						1,
						3,
						8,
						1
					],
					"rotation": 270,
					"texture": "#2"
				},
				"down": {
					"uv": [
						1,
						3,
						8,
						1
					],
					"rotation": 270,
					"texture": "#2"
				}
			}
		},
		{
			"from": [
				17.26086956521739,
				13.543478260869566,
				4.804347826086956
			],
			"to": [
				24.630434782608695,
				20.91304347826087,
				8.58695652173913
			],
			"rotation": {
				"angle": 45,
				"axis": "z",
				"origin": [
					8,
					8,
					8
				]
			},
			"faces": {
				"north": {
					"uv": [
						1,
						3,
						8,
						1
					],
					"rotation": 90,
					"texture": "#2"
				},
				"east": {
					"uv": [
						1,
						3,
						8,
						1
					],
					"rotation": 270,
					"texture": "#2"
				},
				"south": {
					"uv": [
						1,
						3,
						8,
						1
					],
					"rotation": 270,
					"texture": "#2"
				},
				"west": {
					"uv": [
						1,
						3,
						8,
						1
					],
					"rotation": 270,
					"texture": "#2"
				},
				"up": {
					"uv": [
						1,
						3,
						8,
						1
					],
					"rotation": 270,
					"texture": "#2"
				},
				"down": {
					"uv": [
						1,
						3,
						8,
						1
					],
					"rotation": 270,
					"texture": "#2"
				}
			}
		}
	],
	"display": {
		"head": {
			"rotation": [
				0,
				180,
				0
			]
		}
	}
}