{
	"textures": {
		"4": "minecraft:block/coal_block"
	},
	"elements": [
		{
			"from": [
				8.911064010173801,
				2.424756252649428,
				7.216617210682493
			],
			"to": [
				22.070368800339125,
				23.504874947011448,
				7.582874099194574
			],
			"rotation": {
				"angle": 0,
				"axis": "y",
				"origin": [
					17.705807545570153,
					-0.6070368800339114,
					7.674438321322595
				]
			},
			"faces": {
				"north": {
					"uv": [
						0,
						0,
						11,
						16
					],
					"rotation": 270,
					"texture": "#4"
				},
				"east": {
					"uv": [
						8,
						1,
						1,
						3
					],
					"rotation": 270,
					"texture": "#4"
				},
				"south": {
					"uv": [
						0,
						0,
						11,
						16
					],
					"rotation": 270,
					"texture": "#4"
				},
				"west": {
					"uv": [
						8,
						1,
						1,
						3
					],
					"rotation": 270,
					"texture": "#4"
				},
				"up": {
					"uv": [
						8,
						1,
						1,
						3
					],
					"rotation": 270,
					"texture": "#4"
				},
				"down": {
					"uv": [
						8,
						1,
						1,
						3
					],
					"rotation": 270,
					"texture": "#4"
				}
			}
		},
		{
			"from": [
				22.493090292496817,
				9.108944467994913,
				7.216617210682493
			],
			"to": [
				25.376854599406528,
				17.858414582450195,
				7.582874099194574
			],
			"rotation": {
				"angle": 0,
				"axis": "y",
				"origin": [
					17.705807545570153,
					-0.6070368800339114,
					7.674438321322595
				]
			},
			"faces": {
				"north": {
					"uv": [
						8,
						1,
						1,
						3
					],
					"rotation": 90,
					"texture": "#4"
				},
				"east": {
					"uv": [
						8,
						1,
						1,
						3
					],
					"rotation": 270,
					"texture": "#4"
				},
				"south": {
					"uv": [
						1.9274999999999949,
						0,
						16,
						16
					],
					"rotation": 270,
					"texture": "#4"
				},
				"west": {
					"uv": [
						8,
						1,
						1,
						3
					],
					"rotation": 270,
					"texture": "#4"
				},
				"up": {
					"uv": [
						8,
						1,
						1,
						3
					],
					"rotation": 270,
					"texture": "#4"
				},
				"down": {
					"uv": [
						8,
						1,
						1,
						3
					],
					"rotation": 270,
					"texture": "#4"
				}
			}
		},
		{
			"from": [
				10.538872403560829,
				-0.4951250529885538,
				7.216617210682493
			],
			"to": [
				19.883001271725306,
				2.4247562526494324,
				7.582874099194574
			],
			"rotation": {
				"angle": 0,
				"axis": "y",
				"origin": [
					17.705807545570153,
					-0.6070368800339114,
					7.674438321322595
				]
			},
			"faces": {
				"north": {
					"uv": [
						8,
						1,
						1,
						3
					],
					"rotation": 270,
					"texture": "#4"
				},
				"east": {
					"uv": [
						8,
						1,
						1,
						3
					],
					"rotation": 270,
					"texture": "#4"
				},
				"south": {
					"uv": [
						8,
						1,
						1,
						3
					],
					"rotation": 270,
					"texture": "#4"
				},
				"west": {
					"uv": [
						8,
						1,
						1,
						3
					],
					"rotation": 270,
					"texture": "#4"
				},
				"up": {
					"uv": [
						8,
						1,
						1,
						3
					],
					"rotation": 270,
					"texture": "#4"
				},
				"down": {
					"uv": [
						8,
						1,
						1,
						3
					],
					"rotation": 270,
					"texture": "#4"
				}
			}
		},
		{
			"from": [
				7.816871555743958,
				9.017380245866892,
				7.216617210682493
			],
			"to": [
				8.915642221280203,
				17.888935989826198,
				7.582874099194574
			],
			"rotation": {
				"angle": 0,
				"axis": "y",
				"origin": [
					17.705807545570153,
					-0.6070368800339114,
					7.674438321322595
				]
			},
			"faces": {
				"north": {
					"uv": [
						8,
						1,
						1,
						3
					],
					"rotation": 90,
					"texture": "#4"
				},
				"east": {
					"uv": [
						8,
						1,
						1,
						3
					],
					"rotation": 270,
					"texture": "#4"
				},
				"south": {
					"uv": [
						8,
						1,
						1,
						3
					],
					"rotation": 270,
					"texture": "#4"
				},
				"west": {
					"uv": [
						8,
						1,
						1,
						3
					],
					"rotation": 270,
					"texture": "#4"
				},
				"up": {
					"uv": [
						8,
						1,
						1,
						3
					],
					"rotation": 270,
					"texture": "#4"
				},
				"down": {
					"uv": [
						8,
						1,
						1,
						3
					],
					"rotation": 270,
					"texture": "#4"
				}
			}
		}
	],
	"display": {
		"head": {
			"rotation": [
				0,
				180,
				0
			]
		}
	}
}