{
	"textures": {
		"14": "minecraft:block/granite"
	},
	"elements": [
		{
			"from": [
				7.277777777777778,
				6.8,
				5.544444444444444
			],
			"to": [
				8.477777777777778,
				16.4,
				9.144444444444444
			],
			"rotation": {
				"angle": 0,
				"axis": "y",
				"origin": [
					7.277777777777778,
					8,
					7.944444444444445
				]
			},
			"faces": {
				"north": {
					"uv": [
						10,
						10,
						9,
						11
					],
					"rotation": 90,
					"texture": "#14"
				},
				"east": {
					"uv": [
						10,
						10,
						9,
						11
					],
					"rotation": 90,
					"texture": "#14"
				},
				"south": {
					"uv": [
						10,
						10,
						9,
						11
					],
					"rotation": 90,
					"texture": "#14"
				},
				"west": {
					"uv": [
						10,
						10,
						9,
						11
					],
					"rotation": 90,
					"texture": "#14"
				},
				"up": {
					"uv": [
						10,
						10,
						9,
						11
					],
					"rotation": 90,
					"texture": "#14"
				},
				"down": {
					"uv": [
						10,
						10,
						9,
						11
					],
					"rotation": 90,
					"texture": "#14"
				}
			}
		},
		{
			"from": [
				4.877777777777778,
				-0.3999999999999986,
				5.544444444444444
			],
			"to": [
				7.277777777777778,
				6.8,
				9.144444444444444
			],
			"rotation": {
				"angle": 0,
				"axis": "y",
				"origin": [
					7.277777777777778,
					8,
					7.944444444444445
				]
			},
			"faces": {
				"north": {
					"uv": [
						10,
						10,
						9,
						11
					],
					"rotation": 90,
					"texture": "#14"
				},
				"east": {
					"uv": [
						10,
						10,
						9,
						11
					],
					"rotation": 90,
					"texture": "#14"
				},
				"south": {
					"uv": [
						10,
						10,
						9,
						11
					],
					"rotation": 90,
					"texture": "#14"
				},
				"west": {
					"uv": [
						10,
						10,
						9,
						11
					],
					"rotation": 90,
					"texture": "#14"
				},
				"up": {
					"uv": [
						10,
						10,
						9,
						11
					],
					"rotation": 90,
					"texture": "#14"
				},
				"down": {
					"uv": [
						10,
						10,
						9,
						11
					],
					"rotation": 90,
					"texture": "#14"
				}
			}
		},
		{
			"from": [
				-4.722222222222221,
				-0.3999999999999986,
				5.544444444444444
			],
			"to": [
				-2.322222222222223,
				6.8,
				9.144444444444444
			],
			"rotation": {
				"angle": 0,
				"axis": "y",
				"origin": [
					7.277777777777778,
					8,
					7.944444444444445
				]
			},
			"faces": {
				"north": {
					"uv": [
						10,
						10,
						9,
						11
					],
					"rotation": 90,
					"texture": "#14"
				},
				"east": {
					"uv": [
						10,
						10,
						9,
						11
					],
					"rotation": 90,
					"texture": "#14"
				},
				"south": {
					"uv": [
						10,
						10,
						9,
						11
					],
					"rotation": 90,
					"texture": "#14"
				},
				"west": {
					"uv": [
						10,
						10,
						9,
						11
					],
					"rotation": 90,
					"texture": "#14"
				},
				"up": {
					"uv": [
						10,
						10,
						9,
						11
					],
					"rotation": 90,
					"texture": "#14"
				},
				"down": {
					"uv": [
						10,
						10,
						9,
						11
					],
					"rotation": 90,
					"texture": "#14"
				}
			}
		},
		{
			"from": [
				-7.12222222222222,
				6.8,
				5.544444444444444
			],
			"to": [
				-4.722222222222221,
				16.4,
				9.144444444444444
			],
			"rotation": {
				"angle": 0,
				"axis": "y",
				"origin": [
					7.277777777777778,
					8,
					7.944444444444445
				]
			},
			"faces": {
				"north": {
					"uv": [
						10,
						10,
						9,
						11
					],
					"rotation": 90,
					"texture": "#14"
				},
				"east": {
					"uv": [
						10,
						10,
						9,
						11
					],
					"rotation": 90,
					"texture": "#14"
				},
				"south": {
					"uv": [
						10,
						10,
						9,
						11
					],
					"rotation": 90,
					"texture": "#14"
				},
				"west": {
					"uv": [
						10,
						10,
						9,
						11
					],
					"rotation": 90,
					"texture": "#14"
				},
				"up": {
					"uv": [
						10,
						10,
						9,
						11
					],
					"rotation": 90,
					"texture": "#14"
				},
				"down": {
					"uv": [
						10,
						10,
						9,
						11
					],
					"rotation": 90,
					"texture": "#14"
				}
			}
		},
		{
			"from": [
				-4.722222222222221,
				16.4,
				5.544444444444444
			],
			"to": [
				-2.322222222222223,
				18.799999999999997,
				9.144444444444444
			],
			"rotation": {
				"angle": 0,
				"axis": "y",
				"origin": [
					7.277777777777778,
					8,
					7.944444444444445
				]
			},
			"faces": {
				"north": {
					"uv": [
						10,
						10,
						9,
						11
					],
					"rotation": 90,
					"texture": "#14"
				},
				"east": {
					"uv": [
						10,
						10,
						9,
						11
					],
					"rotation": 90,
					"texture": "#14"
				},
				"south": {
					"uv": [
						10,
						10,
						9,
						11
					],
					"rotation": 90,
					"texture": "#14"
				},
				"west": {
					"uv": [
						10,
						10,
						9,
						11
					],
					"rotation": 90,
					"texture": "#14"
				},
				"up": {
					"uv": [
						10,
						10,
						9,
						11
					],
					"rotation": 90,
					"texture": "#14"
				},
				"down": {
					"uv": [
						10,
						10,
						9,
						11
					],
					"rotation": 90,
					"texture": "#14"
				}
			}
		},
		{
			"from": [
				4.877777777777778,
				16.4,
				5.544444444444444
			],
			"to": [
				7.277777777777778,
				21.2,
				9.144444444444444
			],
			"rotation": {
				"angle": 0,
				"axis": "y",
				"origin": [
					7.277777777777778,
					8,
					7.944444444444445
				]
			},
			"faces": {
				"north": {
					"uv": [
						10,
						10,
						9,
						11
					],
					"rotation": 90,
					"texture": "#14"
				},
				"east": {
					"uv": [
						10,
						10,
						9,
						11
					],
					"rotation": 90,
					"texture": "#14"
				},
				"south": {
					"uv": [
						10,
						10,
						9,
						11
					],
					"rotation": 90,
					"texture": "#14"
				},
				"west": {
					"uv": [
						10,
						10,
						9,
						11
					],
					"rotation": 90,
					"texture": "#14"
				},
				"up": {
					"uv": [
						10,
						10,
						9,
						11
					],
					"rotation": 90,
					"texture": "#14"
				},
				"down": {
					"uv": [
						10,
						10,
						9,
						11
					],
					"rotation": 90,
					"texture": "#14"
				}
			}
		},
		{
			"from": [
				2.477777777777778,
				18.799999999999997,
				5.544444444444444
			],
			"to": [
				4.877777777777778,
				21.2,
				9.144444444444444
			],
			"rotation": {
				"angle": 0,
				"axis": "y",
				"origin": [
					7.277777777777778,
					8,
					7.944444444444445
				]
			},
			"faces": {
				"north": {
					"uv": [
						10,
						10,
						9,
						11
					],
					"rotation": 90,
					"texture": "#14"
				},
				"east": {
					"uv": [
						10,
						10,
						9,
						11
					],
					"rotation": 90,
					"texture": "#14"
				},
				"south": {
					"uv": [
						10,
						10,
						9,
						11
					],
					"rotation": 90,
					"texture": "#14"
				},
				"west": {
					"uv": [
						10,
						10,
						9,
						11
					],
					"rotation": 90,
					"texture": "#14"
				},
				"up": {
					"uv": [
						10,
						10,
						9,
						11
					],
					"rotation": 90,
					"texture": "#14"
				},
				"down": {
					"uv": [
						10,
						10,
						9,
						11
					],
					"rotation": 90,
					"texture": "#14"
				}
			}
		},
		{
			"from": [
				-2.322222222222223,
				-2.799999999999999,
				5.544444444444444
			],
			"to": [
				4.877777777777778,
				-0.3999999999999986,
				9.144444444444444
			],
			"rotation": {
				"angle": 0,
				"axis": "y",
				"origin": [
					7.277777777777778,
					8,
					7.944444444444445
				]
			},
			"faces": {
				"north": {
					"uv": [
						10,
						10,
						9,
						11
					],
					"rotation": 90,
					"texture": "#14"
				},
				"east": {
					"uv": [
						10,
						10,
						9,
						11
					],
					"rotation": 90,