{
	"textures": {
		"3": "minecraft:block/light_gray_concrete"
	},
	"elements": [
		{
			"from": [
				0.8864734299516916,
				26.782608695652176,
				4.683574879227053
			],
			"to": [
				8.256038647342995,
				32,
				8.466183574879228
			],
			"rotation": {
				"angle": 45,
				"axis": "z",
				"origin": [
					6.429951690821256,
					8,
					7.879227053140097
				]
			},
			"faces": {
				"north": {
					"uv": [
						1,
						3,
						8,
						1
					],
					"rotation": 180,
					"texture": "#3"
				},
				"east": {
					"uv": [
						1,
						3,
						8,
						1
					],
					"rotation": 180,
					"texture": "#3"
				},
				"south": {
					"uv": [
						1,
						3,
						8,
						1
					],
					"rotation": 180,
					"texture": "#3"
				},
				"west": {
					"uv": [
						1,
						3,
						8,
						1
					],
					"rotation": 180,
					"texture": "#3"
				},
				"up": {
					"uv": [
						1,
						3,
						8,
						1
					],
					"rotation": 180,
					"texture": "#3"
				},
				"down": {
					"uv": [
						1,
						3,
						8,
						1
					],
					"rotation": 180,
					"texture": "#3"
				}
			}
		},
		{
			"from": [
				0.8864734299516916,
				9.826086956521738,
				4.683574879227053
			],
			"to": [
				8.256038647342995,
				15.043478260869565,
				8.466183574879228
			],
			"rotation": {
				"angle": 45,
				"axis": "z",
				"origin": [
					6.429951690821256,
					8,
					7.879227053140097
				]
			},
			"faces": {
				"north": {
					"uv": [
						1,
						3,
						8,
						1
					],
					"rotation": 180,
					"texture": "#3"
				},
				"east": {
					"uv": [
						1,
						3,
						8,
						1
					],
					"rotation": 180,
					"texture": "#3"
				},
				"south": {
					"uv": [
						1,
						3,
						8,
						1
					],
					"rotation": 180,
					"texture": "#3"
				},
				"west": {
					"uv": [
						1,
						3,
						8,
						1
					],
					"rotation": 180,
					"texture": "#3"
				},
				"up": {
					"uv": [
						1,
						3,
						8,
						1
					],
					"rotation": 180,
					"texture": "#3"
				},
				"down": {
					"uv": [
						1,
						3,
						8,
						1
					],
					"rotation": 180,
					"texture": "#3"
				}
			}
		},
		{
			"from": [
				8.256038647342995,
				17.26086956521739,
				4.683574879227053
			],
			"to": [
				15.625603864734298,
				24.630434782608695,
				8.466183574879228
			],
			"rotation": {
				"angle": 45,
				"axis": "z",
				"origin": [
					6.429951690821256,
					8,
					7.879227053140097
				]
			},
			"faces": {
				"north": {
					"uv": [
						1,
						3,
						8,
						1
					],
					"rotation": 180,
					"texture": "#3"
				},
				"east": {
					"uv": [
						1,
						3,
						8,
						1
					],
					"rotation": 180,
					"texture": "#3"
				},
				"south": {
					"uv": [
						1,
						3,
						8,
						1
					],
					"rotation": 180,
					"texture": "#3"
				},
				"west": {
					"uv": [
						1,
						3,
						8,
						1
					],
					"rotation": 180,
					"texture": "#3"
				},
				"up": {
					"uv": [
						1,
						3,
						8,
						1
					],
					"rotation": 180,
					"texture": "#3"
				},
				"down": {
					"uv": [
						1,
						3,
						8,
						1
					],
					"rotation": 180,
					"texture": "#3"
				}
			}
		},
		{
			"from": [
				-6.483091787439614,
				17.26086956521739,
				4.683574879227053
			],
			"to": [
				0.8864734299516916,
				24.630434782608695,
				8.466183574879228
			],
			"rotation": {
				"angle": 45,
				"axis": "z",
				"origin": [
					6.429951690821256,
					8,
					7.879227053140097
				]
			},
			"faces": {
				"north": {
					"uv": [
						1,
						3,
						8,
						1
					],
					"rotation": 180,
					"texture": "#3"
				},
				"east": {
					"uv": [
						1,
						3,
						8,
						1
					],
					"rotation": 180,
					"texture": "#3"
				},
				"south": {
					"uv": [
						1,
						3,
						8,
						1
					],
					"rotation": 180,
					"texture": "#3"
				},
				"west": {
					"uv": [
						1,
						3,
						8,
						1
					],
					"rotation": 180,
					"texture": "#3"
				},
				"up": {
					"uv": [
						1,
						3,
						8,
						1
					],
					"rotation": 180,
					"texture": "#3"
				},
				"down": {
					"uv": [
						1,
						3,
						8,
						1
					],
					"rotation": 180,
					"texture": "#3"
				}
			}
		}
	],
	"display": {
		"head": {
			"rotation": [
				0,
				180,
				0
			]
		}
	}
}