{
	"textures": {
		"3": "minecraft:block/light_gray_concrete"
	},
	"elements": [
		{
			"from": [
				-10.419806243272333,
				5.209903121636168,
				4.383207750269107
			],
			"to": [
				0.7405812701829921,
				27.530678148546826,
				8.568353067814854
			],
			"rotation": {
				"angle": 0,
				"axis": "y",
				"origin": [
					6.320775026910656,
					8,
					7.870828848223897
				]
			},
			"faces": {
				"north": {
					"uv": [
						8,
						1,
						1,
						3
					],
					"rotation": 90,
					"texture": "#3"
				},
				"east": {
					"uv": [
						8,
						1,
						1,
						3
					],
					"rotation": 270,
					"texture": "#3"
				},
				"south": {
					"uv": [
						8,
						1,
						1,
						3
					],
					"rotation": 270,
					"texture": "#3"
				},
				"west": {
					"uv": [
						8,
						1,
						1,
						3
					],
					"rotation": 270,
					"texture": "#3"
				},
				"up": {
					"uv": [
						8,
						1,
						1,
						3
					],
					"rotation": 270,
					"texture": "#3"
				},
				"down": {
					"uv": [
						8,
						1,
						1,
						3
					],
					"rotation": 270,
					"texture": "#3"
				}
			}
		},
		{
			"from": [
				-16,
				10.790096878363832,
				4.383207750269107
			],
			"to": [
				-10.419806243272333,
				21.95048439181916,
				8.568353067814854
			],
			"rotation": {
				"angle": 0,
				"axis": "y",
				"origin": [
					6.320775026910656,
					8,
					7.870828848223897
				]
			},
			"faces": {
				"north": {
					"uv": [
						8,
						1,
						1,
						3
					],
					"rotation": 90,
					"texture": "#3"
				},
				"east": {
					"uv": [
						8,
						1,
						1,
						3
					],
					"rotation": 270,
					"texture": "#3"
				},
				"south": {
					"uv": [
						8,
						1,
						1,
						3
					],
					"rotation": 270,
					"texture": "#3"
				},
				"west": {
					"uv": [
						8,
						1,
						1,
						3
					],
					"rotation": 270,
					"texture": "#3"
				},
				"up": {
					"uv": [
						8,
						1,
						1,
						3
					],
					"rotation": 270,
					"texture": "#3"
				},
				"down": {
					"uv": [
						8,
						1,
						1,
						3
					],
					"rotation": 270,
					"texture": "#3"
				}
			}
		},
		{
			"from": [
				0.7405812701829921,
				10.790096878363832,
				4.383207750269107
			],
			"to": [
				6.320775026910656,
				21.95048439181916,
				8.568353067814854
			],
			"rotation": {
				"angle": 0,
				"axis": "y",
				"origin": [
					6.320775026910656,
					8,
					7.870828848223897
				]
			},
			"faces": {
				"north": {
					"uv": [
						8,
						1,
						1,
						3
					],
					"rotation": 90,
					"texture": "#3"
				},
				"east": {
					"uv": [
						8,
						1,
						1,
						3
					],
					"rotation": 270,
					"texture": "#3"
				},
				"south": {
					"uv": [
						8,
						1,
						1,
						3
					],
					"rotation": 270,
					"texture": "#3"
				},
				"west": {
					"uv": [
						8,
						1,
						1,
						3
					],
					"rotation": 270,
					"texture": "#3"
				},
				"up": {
					"uv": [
						8,
						1,
						1,
						3
					],
					"rotation": 270,
					"texture": "#3"
				},
				"down": {
					"uv": [
						8,
						1,
						1,
						3
					],
					"rotation": 270,
					"texture": "#3"
				}
			}
		}
	],
	"display": {
		"head": {
			"rotation": [
				0,
				180,
				0
			]
		}
	}
}