{
	"textures": {
		"11": "animated_java:item/lower_eye/granite_inner_eye"
	},
	"elements": [
		{
			"from": [
				-6.669135802469139,
				8.533333333333333,
				6.271604938271604
			],
			"to": [
				-4.002469135802471,
				13.866666666666667,
				9.604938271604938
			],
			"rotation": {
				"angle": 0,
				"axis": "y",
				"origin": [
					3.99753086419753,
					-0.8000000000000025,
					8.604938271604938
				]
			},
			"faces": {
				"north": {
					"uv": [
						11,
						2,
						10,
						3
					],
					"rotation": 90,
					"texture": "#11"
				},
				"east": {
					"uv": [
						11,
						2,
						10,
						3
					],
					"rotation": 90,
					"texture": "#11"
				},
				"south": {
					"uv": [
						11,
						2,
						10,
						3
					],
					"rotation": 90,
					"texture": "#11"
				},
				"west": {
					"uv": [
						11,
						2,
						10,
						3
					],
					"rotation": 90,
					"texture": "#11"
				},
				"up": {
					"uv": [
						11,
						2,
						10,
						3
					],
					"rotation": 90,
					"texture": "#11"
				},
				"down": {
					"uv": [
						11,
						2,
						10,
						3
					],
					"rotation": 90,
					"texture": "#11"
				}
			}
		},
		{
			"from": [
				-4.002469135802471,
				11.200000000000001,
				6.271604938271604
			],
			"to": [
				-1.335802469135805,
				13.866666666666667,
				9.604938271604938
			],
			"rotation": {
				"angle": 0,
				"axis": "y",
				"origin": [
					3.99753086419753,
					-0.8000000000000025,
					8.604938271604938
				]
			},
			"faces": {
				"north": {
					"uv": [
						11,
						2,
						10,
						3
					],
					"rotation": 90,
					"texture": "#11"
				},
				"east": {
					"uv": [
						11,
						2,
						10,
						3
					],
					"rotation": 90,
					"texture": "#11"
				},
				"south": {
					"uv": [
						11,
						2,
						10,
						3
					],
					"rotation": 90,
					"texture": "#11"
				},
				"west": {
					"uv": [
						11,
						2,
						10,
						3
					],
					"rotation": 90,
					"texture": "#11"
				},
				"up": {
					"uv": [
						11,
						2,
						10,
						3
					],
					"rotation": 90,
					"texture": "#11"
				},
				"down": {
					"uv": [
						11,
						2,
						10,
						3
					],
					"rotation": 90,
					"texture": "#11"
				}
			}
		},
		{
			"from": [
				-9.335802469135807,
				-2.1333333333333346,
				6.271604938271604
			],
			"to": [
				-6.669135802469139,
				8.533333333333333,
				9.604938271604938
			],
			"rotation": {
				"angle": 0,
				"axis": "y",
				"origin": [
					3.99753086419753,
					-0.8000000000000025,
					8.604938271604938
				]
			},
			"faces": {
				"north": {
					"uv": [
						11,
						2,
						10,
						3
					],
					"rotation": 90,
					"texture": "#11"
				},
				"east": {
					"uv": [
						11,
						2,
						10,
						3
					],
					"rotation": 90,
					"texture": "#11"
				},
				"south": {
					"uv": [
						11,
						2,
						10,
						3
					],
					"rotation": 90,
					"texture": "#11"
				},
				"west": {
					"uv": [
						11,
						2,
						10,
						3
					],
					"rotation": 90,
					"texture": "#11"
				},
				"up": {
					"uv": [
						11,
						2,
						10,
						3
					],
					"rotation": 90,
					"texture": "#11"
				},
				"down": {
					"uv": [
						11,
						2,
						10,
						3
					],
					"rotation": 90,
					"texture": "#11"
				}
			}
		},
		{
			"from": [
				-6.669135802469139,
				-10.133333333333336,
				6.271604938271604
			],
			"to": [
				-4.002469135802471,
				-2.1333333333333346,
				9.604938271604938
			],
			"rotation": {
				"angle": 0,
				"axis": "y",
				"origin": [
					3.99753086419753,
					-0.8000000000000025,
					8.604938271604938
				]
			},
			"faces": {
				"north": {
					"uv": [
						11,
						2,
						10,
						3
					],
					"rotation": 90,
					"texture": "#11"
				},
				"east": {
					"uv": [
						11,
						2,
						10,
						3
					],
					"rotation": 90,
					"texture": "#11"
				},
				"south": {
					"uv": [
						11,
						2,
						10,
						3
					],
					"rotation": 90,
					"texture": "#11"
				},
				"west": {
					"uv": [
						11,
						2,
						10,
						3
					],
					"rotation": 90,
					"texture": "#11"
				},
				"up": {
					"uv": [
						11,
						2,
						10,
						3
					],
					"rotation": 90,
					"texture": "#11"
				},
				"down": {
					"uv": [
						11,
						2,
						10,
						3
					],
					"rotation": 90,
					"texture": "#11"
				}
			}
		},
		{
			"from": [
				-4.002469135802471,
				-10.133333333333336,
				6.271604938271604
			],
			"to": [
				-1.335802469135805,
				-7.466666666666669,
				9.604938271604938
			],
			"rotation": {
				"angle": 0,
				"axis": "y",
				"origin": [
					3.99753086419753,
					-0.8000000000000025,
					8.604938271604938
				]
			},
			"faces": {
				"north": {
					"uv": [
						11,
						2,
						10,
						3
					],
					"rotation": 90,
					"texture": "#11"
				},
				"east": {
					"uv": [
						11,
						2,
						10,
						3
					],
					"rotation": 90,
					"texture": "#11"
				},
				"south": {
					"uv": [
						11,
						2,
						10,
						3
					],
					"rotation": 90,
					"texture": "#11"
				},
				"west": {
					"uv": [
						11,
						2,
						10,
						3
					],
					"rotation": 90,
					"texture": "#11"
				},
				"up": {
					"uv": [
						11,
						2,
						10,
						3
					],
					"rotation": 90,
					"texture": "#11"
				},
				"down": {
					"uv": [
						11,
						2,
						10,
						3
					],
					"rotation": 90,
					"texture": "#11"
				}
			}
		}
	],
	"display": {
		"head": {
			"rotation": [
				0,
				180,
				0
			]
		}
	}
}