{
	"textures": {
		"1": "minecraft:block/light_gray_terracotta"
	},
	"elements": [
		{
			"from": [
				8.931703810208482,
				8.931703810208482,
				5.472322070452912
			],
			"to": [
				10.795111430625449,
				16.385334291876347,
				9.509705248023005
			],
			"rotation": {
				"angle": 0,
				"axis": "y",
				"origin": [
					9.863407620416966,
					9.863407620416966,
					7.9568655643422
				]
			},
			"faces": {
				"north": {
					"uv": [
						8,
						1,
						1,
						3
					],
					"rotation": 90,
					"texture": "#1"
				},
				"east": {
					"uv": [
						8,
						1,
						1,
						3
					],
					"rotation": 270,
					"texture": "#1"
				},
				"south": {
					"uv": [
						8,
						1,
						1,
						3
					],
					"rotation": 270,
					"texture": "#1"
				},
				"west": {
					"uv": [
						8,
						1,
						1,
						3
					],
					"rotation": 270,
					"texture": "#1"
				},
				"up": {
					"uv": [
						8,
						1,
						1,
						3
					],
					"rotation": 270,
					"texture": "#1"
				},
				"down": {
					"uv": [
						8,
						1,
						1,
						3
					],
					"rotation": 270,
					"texture": "#1"
				}
			}
		},
		{
			"from": [
				8,
				3.3414809489575843,
				5.472322070452912
			],
			"to": [
				9.345794392523365,
				8.931703810208482,
				9.509705248023005
			],
			"rotation": {
				"angle": 0,
				"axis": "y",
				"origin": [
					9.863407620416966,
					9.863407620416966,
					7.9568655643422
				]
			},
			"faces": {
				"north": {
					"uv": [
						8,
						1,
						1,
						3
					],
					"rotation": 90,
					"texture": "#1"
				},
				"east": {
					"uv": [
						8,
						1,
						1,
						3
					],
					"rotation": 270,
					"texture": "#1"
				},
				"south": {
					"uv": [
						8,
						1,
						1,
						3
					],
					"rotation": 270,
					"texture": "#1"
				},
				"west": {
					"uv": [
						8,
						1,
						1,
						3
					],
					"rotation": 270,
					"texture": "#1"
				},
				"up": {
					"uv": [
						8,
						1,
						1,
						3
					],
					"rotation": 270,
					"texture": "#1"
				},
				"down": {
					"uv": [
						8,
						1,
						1,
						3
					],
					"rotation": 270,
					"texture": "#1"
				}
			}
		},
		{
			"from": [
				6.136592379583034,
				1.3745506829618979,
				5.472322070452912
			],
			"to": [
				8,
				3.3414809489575843,
				9.509705248023005
			],
			"rotation": {
				"angle": 0,
				"axis": "y",
				"origin": [
					9.863407620416966,
					9.863407620416966,
					7.9568655643422
				]
			},
			"faces": {
				"north": {
					"uv": [
						8,
						1,
						1,
						3
					],
					"rotation": 90,
					"texture": "#1"
				},
				"east": {
					"uv": [
						8,
						1,
						1,
						3
					],
					"rotation": 270,
					"texture": "#1"
				},
				"south": {
					"uv": [
						8,
						1,
						1,
						3
					],
					"rotation": 270,
					"texture": "#1"
				},
				"west": {
					"uv": [
						8,
						1,
						1,
						3
					],
					"rotation": 270,
					"texture": "#1"
				},
				"up": {
					"uv": [
						8,
						1,
						1,
						3
					],
					"rotation": 270,
					"texture": "#1"
				},
				"down": {
					"uv": [
						8,
						1,
						1,
						3
					],
					"rotation": 270,
					"texture": "#1"
				}
			}
		},
		{
			"from": [
				4.238677210639828,
				0.27030913012221536,
				5.472322070452912
			],
			"to": [
				6.136592379583034,
				1.3745506829618979,
				9.509705248023005
			],
			"rotation": {
				"angle": 0,
				"axis": "y",
				"origin": [
					9.863407620416966,
					9.863407620416966,
					7.9568655643422
				]
			},
			"faces": {
				"north": {
					"uv": [
						8,
						1,
						1,
						3
					],
					"rotation": 90,
					"texture": "#1"
				},
				"east": {
					"uv": [
						8,
						1,
						1,
						3
					],
					"rotation": 270,
					"texture": "#1"
				},
				"south": {
					"uv": [
						8,
						1,
						1,
						3
					],
					"rotation": 270,
					"texture": "#1"
				},
				"west": {
					"uv": [
						8,
						1,
						1,
						3
					],
					"rotation": 270,
					"texture": "#1"
				},
				"up": {
					"uv": [
						8,
						1,
						1,
						3
					],
					"rotation": 270,
					"texture": "#1"
				},
				"down": {
					"uv": [
						8,
						1,
						1,
						3
					],
					"rotation": 270,
					"texture": "#1"
				}
			}
		},
		{
			"from": [
				8,
				16.385334291876347,
				5.472322070452912
			],
			"to": [
				9.863407620416966,
				20.11214953271028,
				9.509705248023005
			],
			"rotation": {
				"angle": 0,
				"axis": "y",
				"origin": [
					9.863407620416966,
					9.863407620416966,
					7.9568655643422
				]
			},
			"faces": {
				"north": {
					"uv": [
						8,
						1,
						1,
						3
					],
					"rotation": 90,
					"texture": "#1"
				},
				"east": {
					"uv": [
						8,
						1,
						1,
						3
					],
					"rotation": 270,
					"texture": "#1"
				},
				"south": {
					"uv": [
						8,
						1,
						1,
						3
					],
					"rotation": 270,
					"texture": "#1"
				},
				"west": {
					"uv": [
						8,
						1,
						1,
						3
					],
					"rotation": 270,
					"texture": "#1"
				},
				"up": {
					"uv": [
						8,
						1,
						1,
						3
					],
					"rotation": 270,
					"texture": "#1"
				},
				"down": {
					"uv": [
						8,
						1,
						1,
						3
					],
					"rotation": 270,
					"texture": "#1"
				}
			}
		},
		{
			"from": [
				4.273184759166067,
				20.11214953271028,
				5.472322070452912
			],
			"to": [
				8,
				21.68051761322789,
				9.509705248023005
			],
			"rotation": {
				"angle": 0,
				"axis": "y",
				"origin": [
					9.863407620416966,
					9.863407620416966,
					7.9568655643422
				]
			},
			"faces": {
				"north": {
					"uv": [
						8,
						1,
						1,
						3
					],
					"rotation": 90,
					"texture": "#1"
				},
				"east": {
					"uv": [
						8,
						1,
						1,
						3
					],
					"rotation": 270,
					"texture": "#1"
				},
				"south": {
					"uv": [
						8,
						1,
						1,
						3
					],
					"rotation": 270,
					"texture": "#1"
				},
				"west": {
					"uv": [
						8,
						1,
						1,
						3
					],
					"rotation": 270,
					"texture": "#1"
				},
				"up": {
					"uv": [
						8,
						1,
						1,
						3
					],
					"rotation": 270,
					"texture": "#1"
				},
				"down": {
					"uv": [
						8,
						1,
						1,
						3
					],
					"rotation": 270,
					"texture": "#1"
				}
			}
		},
		{
			"from": [
				-3.180445722501796,
				21.061107117181884,
				5.472322070452912
			],
			"to": [
				4.273184759166067,
				22.30337886412653,
				9.509705248023005
			],
			"rotation": {
				"angle": 0,
				"axis": "y",
				"origin": [
					9.863407620416966,
					9.863407620416966,
					7.9568655643422
				]
			},
			"faces": {
				"north": {
					"uv": [
						8,
						1,
						1,
						3
					],
					"rotation": 90,
					"texture": "#1"
				},
				"east": {
					"uv": [
						8,
						1,
						1,
						3
					],
					"rotation": 270,
					"texture": "#1"
				},
				"south": {
					"uv": [
						8,
						1,
						1,
						3
					],
					"rotation": 270,
					"texture": "#1"
				},
				"west": {
					"uv": [
						8,
						1,
						1,
						3
					],
					"rotation": 270,
					"texture": "#1"
				},
				"up": {
					"uv": [
						8,
						1,
						1,
						3
					],
					"rotation": 270,
					"texture": "#1"
				},
				"down": {
					"uv": [
						8,
						1,
						1,
						3
					],
					"rotation": 270,
					"texture": "#1"
				}
			}
		},
		{
			"from": [
				-4.11214953271028,
				16.385334291876347,
				5.472322070452912
			],
			"to": [
				-3.180445722501796,
				21.664989216391085,
				9.509705248023005
			],
			"rotation": {
				"angle": 0,
				"axis": "y",
				"origin": [
					9.863407620416966,
					9.863407620416966,
					7.9568655643422
				]
			},
			"faces": {
				"north": {
					"uv": [
						8,
						1,
						1,
						3
					],
					"rotation": 90,
					"texture": "#1"
				},