{
	"textures": {
		"14": "minecraft:block/granite"
	},
	"elements": [
		{
			"from": [
				8.931703810208484,
				8.931703810208484,
				5.472322070452911
			],
			"to": [
				10.79511143062545,
				16.385334291876347,
				9.509705248023005
			],
			"rotation": {
				"angle": 0,
				"axis": "y",
				"origin": [
					9.863407620416966,
					9.863407620416966,
					7.9568655643422
				]
			},
			"faces": {
				"north": {
					"uv": [
						8,
						9,
						7,
						10
					],
					"rotation": 90,
					"texture": "#14"
				},
				"east": {
					"uv": [
						8,
						9,
						7,
						10
					],
					"rotation": 90,
					"texture": "#14"
				},
				"south": {
					"uv": [
						8,
						9,
						7,
						10
					],
					"rotation": 90,
					"texture": "#14"
				},
				"west": {
					"uv": [
						8,
						9,
						7,
						10
					],
					"rotation": 90,
					"texture": "#14"
				},
				"up": {
					"uv": [
						8,
						9,
						7,
						10
					],
					"rotation": 90,
					"texture": "#14"
				},
				"down": {
					"uv": [
						8,
						9,
						7,
						10
					],
					"rotation": 90,
					"texture": "#14"
				}
			}
		},
		{
			"from": [
				8,
				3.341480948957585,
				5.472322070452911
			],
			"to": [
				9.345794392523365,
				8.931703810208484,
				9.509705248023005
			],
			"rotation": {
				"angle": 0,
				"axis": "y",
				"origin": [
					9.863407620416966,
					9.863407620416966,
					7.9568655643422
				]
			},
			"faces": {
				"north": {
					"uv": [
						8,
						9,
						7,
						10
					],
					"rotation": 90,
					"texture": "#14"
				},
				"east": {
					"uv": [
						8,
						9,
						7,
						10
					],
					"rotation": 90,
					"texture": "#14"
				},
				"south": {
					"uv": [
						8,
						9,
						7,
						10
					],
					"rotation": 90,
					"texture": "#14"
				},
				"west": {
					"uv": [
						8,
						9,
						7,
						10
					],
					"rotation": 90,
					"texture": "#14"
				},
				"up": {
					"uv": [
						8,
						9,
						7,
						10
					],
					"rotation": 90,
					"texture": "#14"
				},
				"down": {
					"uv": [
						8,
						9,
						7,
						10
					],
					"rotation": 90,
					"texture": "#14"
				}
			}
		},
		{
			"from": [
				6.136592379583034,
				1.374550682961896,
				5.472322070452911
			],
			"to": [
				8,
				3.341480948957585,
				9.509705248023005
			],
			"rotation": {
				"angle": 0,
				"axis": "y",
				"origin": [
					9.863407620416966,
					9.863407620416966,
					7.9568655643422
				]
			},
			"faces": {
				"north": {
					"uv": [
						8,
						9,
						7,
						10
					],
					"rotation": 90,
					"texture": "#14"
				},
				"east": {
					"uv": [
						8,
						9,
						7,
						10
					],
					"rotation": 90,
					"texture": "#14"
				},
				"south": {
					"uv": [
						8,
						9,
						7,
						10
					],
					"rotation": 90,
					"texture": "#14"
				},
				"west": {
					"uv": [
						8,
						9,
						7,
						10
					],
					"rotation": 90,
					"texture": "#14"
				},
				"up": {
					"uv": [
						8,
						9,
						7,
						10
					],
					"rotation": 90,
					"texture": "#14"
				},
				"down": {
					"uv": [
						8,
						9,
						7,
						10
					],
					"rotation": 90,
					"texture": "#14"
				}
			}
		},
		{
			"from": [
				4.2386772106398265,
				0.27030913012221447,
				5.472322070452911
			],
			"to": [
				6.136592379583034,
				1.374550682961896,
				9.509705248023005
			],
			"rotation": {
				"angle": 0,
				"axis": "y",
				"origin": [
					9.863407620416966,
					9.863407620416966,
					7.9568655643422
				]
			},
			"faces": {
				"north": {
					"uv": [
						8,
						9,
						7,
						10
					],
					"rotation": 90,
					"texture": "#14"
				},
				"east": {
					"uv": [
						8,
						9,
						7,
						10
					],
					"rotation": 90,
					"texture": "#14"
				},
				"south": {
					"uv": [
						8,
						9,
						7,
						10
					],
					"rotation": 90,
					"texture": "#14"
				},
				"west": {
					"uv": [
						8,
						9,
						7,
						10
					],
					"rotation": 90,
					"texture": "#14"
				},
				"up": {
					"uv": [
						8,
						9,
						7,
						10
					],
					"rotation": 90,
					"texture": "#14"
				},
				"down": {
					"uv": [
						8,
						9,
						7,
						10
					],
					"rotation": 90,
					"texture": "#14"
				}
			}
		},
		{
			"from": [
				8,
				16.385334291876347,
				5.472322070452911
			],
			"to": [
				9.863407620416966,
				20.112149532710283,
				9.509705248023005
			],
			"rotation": {
				"angle": 0,
				"axis": "y",
				"origin": [
					9.863407620416966,
					9.863407620416966,
					7.9568655643422
				]
			},
			"faces": {
				"north": {
					"uv": [
						8,
						9,
						7,
						10
					],
					"rotation": 90,
					"texture": "#14"
				},
				"east": {
					"uv": [
						8,
						9,
						7,
						10
					],
					"rotation": 90,
					"texture": "#14"
				},
				"south": {
					"uv": [
						8,
						9,
						7,
						10
					],
					"rotation": 90,
					"texture": "#14"
				},
				"west": {
					"uv": [
						8,
						9,
						7,
						10
					],
					"rotation": 90,
					"texture": "#14"
				},
				"up": {
					"uv": [
						8,
						9,
						7,
						10
					],
					"rotation": 90,
					"texture": "#14"
				},
				"down": {
					"uv": [
						8,
						9,
						7,
						10
					],
					"rotation": 90,
					"texture": "#14"
				}
			}
		},
		{
			"from": [
				4.273184759166067,
				20.112149532710283,
				5.472322070452911
			],
			"to": [
				8,
				21.68051761322789,
				9.509705248023005
			],
			"rotation": {
				"angle": 0,
				"axis": "y",
				"origin": [
					9.863407620416966,
					9.863407620416966,
					7.9568655643422
				]
			},
			"faces": {
				"north": {
					"uv": [
						8,
						9,
						7,
						10
					],
					"rotation": 90,
					"texture": "#14"
				},
				"east": {
					"uv": [
						8,
						9,
						7,
						10
					],
					"rotation": 90,
					"texture": "#14"
				},
				"south": {
					"uv": [
						8,
						9,
						7,
						10
					],
					"rotation": 90,
					"texture": "#14"
				},
				"west": {
					"uv": [
						8,
						9,
						7,
						10
					],
					"rotation": 90,
					"texture": "#14"
				},
				"up": {
					"uv": [
						8,
						9,
						7,
						10
					],
					"rotation": 90,
					"texture": "#14"
				},
				"down": {
					"uv": [
						8,
						9,
						7,
						10
					],
					"rotation": 90,
					"texture": "#14"
				}
			}
		},
		{
			"from": [
				-3.1804457225017977,
				21.061107117181884,
				5.472322070452911
			],
			"to": [
				4.273184759166067,
				22.30337886412653,
				9.509705248023005
			],
			"rotation": {
				"angle": 0,
				"axis": "y",
				"origin": [
					9.863407620416966,
					9.863407620416966,
					7.9568655643422
				]
			},
			"faces": {
				"north": {
					"uv": [
						8,
						9,
						7,
						10
					],
					"rotation": 90,
					"texture": "#14"
				},
				"east": {
					"uv": [
						8,
						9,
						7,
						10
					],
					"rotation": 90,
					"texture": "#14"
				},
				"south": {
					"uv": [
						8,
						9,
						7,
						10
					],
					"rotation": 90,
					"texture": "#14"
				},
				"west": {
					"uv": [
						8,
						9,
						7,
						10
					],
					"rotation": 90,
					"texture": "#14"
				},
				"up": {
					"uv": [
						8,
						9,
						7,
						10
					],
					"rotation": 90,
					"texture": "#14"
				},
				"down": {
					"uv": [
						8,
						9,
						7,
						10
					],
					"rotation": 90,
					"texture": "#14"
				}
			}
		},
		{
			"from": [
				-4.112149532710282,
				16.385334291876347,
				5.472322070452911
			],
			"to": [
				-3.1804457225017977,
				21.664989216391085,
				9.509705248023005
			],
			"rotation": {
				"angle": 0,
				"axis": "y",
				"origin": [
					9.863407620416966,
					9.863407620416966,
					7.9568655643422
				]
			},
			"faces": {
				"north": {
					"uv": [
						8,
						9,
						7,
						10
					],
					"rotation": 90,
					"texture": "#14"
				},