{
	"textures": {
		"0": "minecraft:block/quartz_block_side"
	},
	"elements": [
		{
			"from": [
				-1.902777777777775,
				-2.4999999999999982,
				6.430555555555555
			],
			"to": [
				4.097222222222223,
				21.5,
				7.930555555555555
			],
			"rotation": {
				"angle": 0,
				"axis": "y",
				"origin": [
					7.097222222222222,
					8,
					7.930555555555555
				]
			},
			"faces": {
				"north": {
					"uv": [
						15,
						1,
						1,
						5
					],
					"rotation": 90,
					"texture": "#0"
				},
				"east": {
					"uv": [
						15,
						1,
						1,
						5
					],
					"rotation": 270,
					"texture": "#0"
				},
				"south": {
					"uv": [
						15,
						1,
						1,
						5
					],
					"rotation": 270,
					"texture": "#0"
				},
				"west": {
					"uv": [
						15,
						1,
						1,
						5
					],
					"rotation": 270,
					"texture": "#0"
				},
				"up": {
					"uv": [
						15,
						1,
						1,
						5
					],
					"rotation": 270,
					"texture": "#0"
				},
				"down": {
					"uv": [
						15,
						1,
						1,
						5
					],
					"rotation": 270,
					"texture": "#0"
				}
			}
		},
		{
			"from": [
				-4.902777777777777,
				6.5,
				6.430555555555555
			],
			"to": [
				-1.902777777777775,
				18.5,
				7.930555555555555
			],
			"rotation": {
				"angle": 0,
				"axis": "y",
				"origin": [
					7.097222222222222,
					8,
					7.930555555555555
				]
			},
			"faces": {
				"north": {
					"uv": [
						8,
						1,
						1,
						3
					],
					"rotation": 90,
					"texture": "#0"
				},
				"east": {
					"uv": [
						8,
						1,
						1,
						3
					],
					"rotation": 270,
					"texture": "#0"
				},
				"south": {
					"uv": [
						8,
						1,
						1,
						3
					],
					"rotation": 270,
					"texture": "#0"
				},
				"west": {
					"uv": [
						8,
						1,
						1,
						3
					],
					"rotation": 270,
					"texture": "#0"
				},
				"up": {
					"uv": [
						8,
						1,
						1,
						3
					],
					"rotation": 270,
					"texture": "#0"
				},
				"down": {
					"uv": [
						8,
						1,
						1,
						3
					],
					"rotation": 270,
					"texture": "#0"
				}
			}
		},
		{
			"from": [
				4.097222222222223,
				6.5,
				6.430555555555555
			],
			"to": [
				7.097222222222222,
				18.5,
				7.930555555555555
			],
			"rotation": {
				"angle": 0,
				"axis": "y",
				"origin": [
					7.097222222222222,
					8,
					7.930555555555555
				]
			},
			"faces": {
				"north": {
					"uv": [
						8,
						1,
						1,
						3
					],
					"rotation": 90,
					"texture": "#0"
				},
				"east": {
					"uv": [
						8,
						1,
						1,
						3
					],
					"rotation": 270,
					"texture": "#0"
				},
				"south": {
					"uv": [
						8,
						1,
						1,
						3
					],
					"rotation": 270,
					"texture": "#0"
				},
				"west": {
					"uv": [
						8,
						1,
						1,
						3
					],
					"rotation": 270,
					"texture": "#0"
				},
				"up": {
					"uv": [
						8,
						1,
						1,
						3
					],
					"rotation": 270,
					"texture": "#0"
				},
				"down": {
					"uv": [
						8,
						1,
						1,
						3
					],
					"rotation": 270,
					"texture": "#0"
				}
			}
		}
	],
	"display": {
		"head": {
			"rotation": [
				0,
				180,
				0
			]
		}
	}
}